[
    {
        "title": "Test Event",
        "description": "Web App Date Picker",
        "start": "2023-01-01T10:00:00.000Z",
        "end": "2023-01-01T11:00:00.000Z",
        "location": ""
    },
    {
        "title": "Test Event",
        "description": "Web App Date Picker",
        "start": "2023-01-03T09:00:00.000Z",
        "end": "2023-01-03T12:00:00.000Z",
        "location": ""
    },
    {
        "title": "Test Event",
        "description": "Web App Date Picker",
        "start": "2023-01-04T09:00:00.000Z",
        "end": "2023-01-04T10:00:00.000Z",
        "location": ""
    },
    {
        "title": "Test Event",
        "description": "Web App Date Picker",
        "start": "2023-01-04T10:00:00.000Z",
        "end": "2023-01-04T11:00:00.000Z",
        "location": ""
    },
    {
        "title": "Test Event",
        "description": "Web App Date Picker",
        "start": "2023-01-04T10:00:00.000Z",
        "end": "2023-01-04T11:00:00.000Z",
        "location": ""
    },
    {
        "title": "Test Event",
        "description": "Web App Date Picker",
        "start": "2023-01-04T15:00:00.000Z",
        "end": "2023-01-04T16:00:00.000Z",
        "location": ""
    },
    {
        "title": "Test Event",
        "description": "Web App Date Picker",
        "start": "2023-01-04T15:00:00.000Z",
        "end": "2023-01-04T17:00:00.000Z",
        "location": ""
    },
    {
        "title": "Test Event",
        "description": "Web App Date Picker",
        "start": "2023-01-04T16:00:00.000Z",
        "end": "2023-01-04T17:00:00.000Z",
        "location": ""
    },
    {
        "title": "test0",
        "description": "",
        "start": "2023-01-09T09:00:00.000Z",
        "end": "2023-01-09T11:00:00.000Z",
        "location": ""
    },
    {
        "title": "test1",
        "description": "",
        "start": "2023-01-09T11:00:00.000Z",
        "end": "2023-01-09T13:00:00.000Z",
        "location": ""
    },
    {
        "title": "0",
        "description": "",
        "start": "2023-01-15T11:30:00.000Z",
        "end": "2023-01-15T14:45:00.000Z",
        "location": ""
    },
    {
        "title": "1",
        "description": "",
        "start": "2023-01-15T15:00:00.000Z",
        "end": "2023-01-15T17:00:00.000Z",
        "location": ""
    },
    {
        "title": "2",
        "description": "",
        "start": "2023-01-16T08:00:00.000Z",
        "end": "2023-01-16T10:00:00.000Z",
        "location": ""
    },
    {
        "title": "3",
        "description": "",
        "start": "2023-01-16T10:00:00.000Z",
        "end": "2023-01-16T12:00:00.000Z",
        "location": ""
    },
    {
        "title": "4",
        "description": "",
        "start": "2023-01-16T12:00:00.000Z",
        "end": "2023-01-16T14:00:00.000Z",
        "location": ""
    },
    {
        "title": "5",
        "description": "",
        "start": "2023-01-16T14:00:00.000Z",
        "end": "2023-01-16T16:00:00.000Z",
        "location": ""
    },
    {
        "title": "6",
        "description": "",
        "start": "2023-01-16T16:00:00.000Z",
        "end": "2023-01-16T18:00:00.000Z",
        "location": ""
    },
    {
        "title": "New Event",
        "description": "",
        "start": "2023-01-17T00:15:00.000Z",
        "end": "2023-01-17T00:30:00.000Z",
        "location": ""
    },
    {
        "title": "New Event",
        "description": "",
        "start": "2023-01-17T01:00:00.000Z",
        "end": "2023-01-17T01:15:00.000Z",
        "location": ""
    },
    {
        "title": "New Event",
        "description": "",
        "start": "2023-01-17T01:45:00.000Z",
        "end": "2023-01-17T02:00:00.000Z",
        "location": ""
    },
    {
        "title": "7",
        "description": "",
        "start": "2023-01-17T09:00:00.000Z",
        "end": "2023-01-17T12:00:00.000Z",
        "location": ""
    },
    {
        "title": "New Event",
        "description": "",
        "start": "2023-01-18T12:15:00.000Z",
        "end": "2023-01-18T12:30:00.000Z",
        "location": ""
    },
    {
        "title": "Standup",
        "description": "This is a description",
        "start": "2023-01-23T10:00:00.000Z",
        "end": "2023-01-23T13:00:00.000Z",
        "location": "Siófok, Hungary"
    },
    {
        "title": "kutya",
        "description": "nincs",
        "start": "2023-01-24T08:00:00.000Z",
        "end": "2023-01-24T13:00:00.000Z",
        "location": ""
    },
    {
        "title": "Test Event",
        "description": "Web App Date Picker",
        "start": "2023-01-24T13:00:00.000Z",
        "end": "2023-01-24T14:15:00.000Z",
        "location": ""
    },
    {
        "title": "Egész nap!!!",
        "description": "Web App Date Picker",
        "start": "2023-01-24T23:00:00.000Z",
        "end": "2023-01-26T23:00:00.000Z",
        "location": ""
    },
    {
        "title": "Test Event",
        "description": "Web App Date Picker",
        "start": "2023-01-27T10:45:00.000Z",
        "end": "2023-01-27T13:45:00.000Z",
        "location": ""
    },
    {
        "title": "Test Event",
        "description": "Web App Date Picker",
        "start": "2023-01-27T14:30:00.000Z",
        "end": "2023-01-27T15:30:00.000Z",
        "location": ""
    },
    {
        "title": "Test Event",
        "description": "Web App Date Picker",
        "start": "2023-01-28T09:00:00.000Z",
        "end": "2023-01-28T12:00:00.000Z",
        "location": ""
    },
    {
        "title": "Test Event",
        "description": "Web App Date Picker",
        "start": "2023-01-29T08:00:00.000Z",
        "end": "2023-01-29T09:00:00.000Z",
        "location": ""
    },
    {
        "title": "Test Event",
        "description": "Web App Date Picker",
        "start": "2023-01-29T08:00:00.000Z",
        "end": "2023-01-29T09:00:00.000Z",
        "location": ""
    },
    {
        "title": "Test Event",
        "description": "Web App Date Picker",
        "start": "2023-01-29T10:00:00.000Z",
        "end": "2023-01-29T12:00:00.000Z",
        "location": ""
    },
    {
        "title": "Test Event",
        "description": "Web App Date Picker",
        "start": "2023-01-29T16:00:00.000Z",
        "end": "2023-01-29T17:00:00.000Z",
        "location": ""
    },
    {
        "title": "Test Event",
        "description": "Web App Date Picker",
        "start": "2023-02-01T11:00:00.000Z",
        "end": "2023-02-01T14:00:00.000Z",
        "location": ""
    },
    {
        "title": "Test Event",
        "description": "Web App Date Picker",
        "start": "2023-02-01T23:00:00.000Z",
        "end": "2023-02-02T23:00:00.000Z",
        "location": ""
    }
]